{
  "workers": [
    {"id": 0, "name": "Alice", "experience": "8 years", "skill_level": "Senior", "specialization": "Quality Control"},
    {"id": 1, "name": "Bob", "experience": "4 years", "skill_level": "Mid-level", "specialization": "Assembly"},
    {"id": 2, "name": "Carol", "experience": "2 years", "skill_level": "Junior", "specialization": "Calibration"},
    {"id": 3, "name": "David", "experience": "10 years", "skill_level": "Senior", "specialization": "All-round"},
    {"id": 4, "name": "Emma", "experience": "5 years", "skill_level": "Mid-level", "specialization": "Testing"},
    {"id": 5, "name": "Frank", "experience": "7 years", "skill_level": "Senior", "specialization": "Electronics"},
    {"id": 6, "name": "Grace", "experience": "3 years", "skill_level": "Mid-level", "specialization": "Soldering"},
    {"id": 7, "name": "Henry", "experience": "6 years", "skill_level": "Mid-level", "specialization": "Debugging"},
    {"id": 8, "name": "Iris", "experience": "9 years", "skill_level": "Senior", "specialization": "Inspection"},
    {"id": 9, "name": "Jack", "experience": "4 years", "skill_level": "Mid-level", "specialization": "Packaging"}
  ],
  "tasks": [
    {"id": 0, "name": "Microchip Inspection", "description": "Quality inspection of microchips", "difficulty": "High", "priority": "Critical"},
    {"id": 1, "name": "Circuit Board Assembly", "description": "Assembly of circuit boards", "difficulty": "Medium", "priority": "High"},
    {"id": 2, "name": "Sensor Calibration", "description": "Calibration of sensors", "difficulty": "Medium", "priority": "High"},
    {"id": 3, "name": "Component Packaging", "description": "Packaging components", "difficulty": "Low", "priority": "Medium"},
    {"id": 4, "name": "Final Testing", "description": "Final quality testing", "difficulty": "High", "priority": "Critical"},
    {"id": 5, "name": "PCB Soldering", "description": "Precision PCB soldering", "difficulty": "High", "priority": "High"},
    {"id": 6, "name": "Wire Harness Assembly", "description": "Assembly of wire harnesses", "difficulty": "Medium", "priority": "Medium"},
    {"id": 7, "name": "Chip Programming", "description": "Programming microcontrollers", "difficulty": "High", "priority": "Critical"},
    {"id": 8, "name": "Visual Inspection", "description": "Visual quality check", "difficulty": "Low", "priority": "High"},
    {"id": 9, "name": "Documentation", "description": "Technical documentation", "difficulty": "Medium", "priority": "Medium"}
  ],
  "cost_matrix": [
    [4, 6, 7, 5, 8, 6, 7, 8, 5, 9],
    [6, 5, 8, 7, 6, 5, 6, 7, 8, 7],
    [8, 7, 6, 9, 7, 8, 7, 9, 7, 8],
    [3, 4, 6, 4, 5, 4, 5, 5, 3, 6],
    [5, 6, 7, 6, 7, 7, 6, 8, 6, 5],
    [4, 5, 6, 5, 6, 4, 5, 6, 4, 7],
    [7, 6, 7, 8, 7, 6, 5, 7, 8, 6],
    [6, 7, 8, 7, 8, 7, 8, 6, 7, 8],
    [3, 4, 5, 4, 5, 3, 4, 5, 3, 6],
    [7, 8, 9, 6, 8, 7, 6, 8, 9, 7]
  ]
}
