{
  "success": true,
  "assignments": [
    {
      "worker": "Alice",
      "task": "Microchip Inspection",
      "time": 4.0
    },
    {
      "worker": "Bob",
      "task": "Circuit Board Assembly",
      "time": 5.0
    },
    {
      "worker": "Carol",
      "task": "Sensor Calibration",
      "time": 6.0
    },
    {
      "worker": "David",
      "task": "Visual Inspection",
      "time": 3.0
    },
    {
      "worker": "Emma",
      "task": "Documentation",
      "time": 5.0
    },
    {
      "worker": "Frank",
      "task": "PCB Soldering",
      "time": 4.0
    },
    {
      "worker": "Grace",
      "task": "Wire Harness Assembly",
      "time": 5.0
    },
    {
      "worker": "Henry",
      "task": "Chip Programming",
      "time": 6.0
    },
    {
      "worker": "Iris",
      "task": "Final Testing",
      "time": 5.0
    },
    {
      "worker": "Jack",
      "task": "Component Packaging",
      "time": 6.0
    }
  ],
  "total_time": 49.0,
  "average_time": 4.9,
  "max_time": 6.0,
  "min_time": 3.0,
  "assignment_details": [
    {
      "worker_id": 0,
      "worker_name": "Alice",
      "worker_experience": "8 years",
      "task_id": 0,
      "task_name": "Microchip Inspection",
      "task_description": "Quality inspection of microchips",
      "completion_time": 4.0,
      "efficiency_rank": "Good"
    },
    {
      "worker_id": 1,
      "worker_name": "Bob",
      "worker_experience": "4 years",
      "task_id": 1,
      "task_name": "Circuit Board Assembly",
      "task_description": "Assembly of circuit boards",
      "completion_time": 5.0,
      "efficiency_rank": "Good"
    },
    {
      "worker_id": 2,
      "worker_name": "Carol",
      "worker_experience": "2 years",
      "task_id": 2,
      "task_name": "Sensor Calibration",
      "task_description": "Calibration of sensors",
      "completion_time": 6.0,
      "efficiency_rank": "Good"
    },
    {
      "worker_id": 3,
      "worker_name": "David",
      "worker_experience": "10 years",
      "task_id": 8,
      "task_name": "Visual Inspection",
      "task_description": "Visual quality check",
      "completion_time": 3.0,
      "efficiency_rank": "Optimal"
    },
    {
      "worker_id": 4,
      "worker_name": "Emma",
      "worker_experience": "5 years",
      "task_id": 9,
      "task_name": "Documentation",
      "task_description": "Technical documentation",
      "completion_time": 5.0,
      "efficiency_rank": "Optimal"
    },
    {
      "worker_id": 5,
      "worker_name": "Frank",
      "worker_experience": "7 years",
      "task_id": 5,
      "task_name": "PCB Soldering",
      "task_description": "Precision PCB soldering",
      "completion_time": 4.0,
      "efficiency_rank": "Good"
    },
    {
      "worker_id": 6,
      "worker_name": "Grace",
      "worker_experience": "3 years",
      "task_id": 6,
      "task_name": "Wire Harness Assembly",
      "task_description": "Assembly of wire harnesses",
      "completion_time": 5.0,
      "efficiency_rank": "Good"
    },
    {
      "worker_id": 7,
      "worker_name": "Henry",
      "worker_experience": "6 years",
      "task_id": 7,
      "task_name": "Chip Programming",
      "task_description": "Programming microcontrollers",
      "completion_time": 6.0,
      "efficiency_rank": "Good"
    },
    {
      "worker_id": 8,
      "worker_name": "Iris",
      "worker_experience": "9 years",
      "task_id": 4,
      "task_name": "Final Testing",
      "task_description": "Final quality testing",
      "completion_time": 5.0,
      "efficiency_rank": "Optimal"
    },
    {
      "worker_id": 9,
      "worker_name": "Jack",
      "worker_experience": "4 years",
      "task_id": 3,
      "task_name": "Component Packaging",
      "task_description": "Packaging components",
      "completion_time": 6.0,
      "efficiency_rank": "Average"
    }
  ],
  "cost_matrix": [
    [
      4,
      6,
      7,
      5,
      8,
      6,
      7,
      8,
      5,
      9
    ],
    [
      6,
      5,
      8,
      7,
      6,
      5,
      6,
      7,
      8,
      7
    ],
    [
      8,
      7,
      6,
      9,
      7,
      8,
      7,
      9,
      7,
      8
    ],
    [
      3,
      4,
      6,
      4,
      5,
      4,
      5,
      5,
      3,
      6
    ],
    [
      5,
      6,
      7,
      6,
      7,
      7,
      6,
      8,
      6,
      5
    ],
    [
      4,
      5,
      6,
      5,
      6,
      4,
      5,
      6,
      4,
      7
    ],
    [
      7,
      6,
      7,
      8,
      7,
      6,
      5,
      7,
      8,
      6
    ],
    [
      6,
      7,
      8,
      7,
      8,
      7,
      8,
      6,
      7,
      8
    ],
    [
      3,
      4,
      5,
      4,
      5,
      3,
      4,
      5,
      3,
      6
    ],
    [
      7,
      8,
      9,
      6,
      8,
      7,
      6,
      8,
      9,
      7
    ]
  ],
  "worker_names": [
    "Alice",
    "Bob",
    "Carol",
    "David",
    "Emma",
    "Frank",
    "Grace",
    "Henry",
    "Iris",
    "Jack"
  ],
  "task_names": [
    "Microchip Inspection",
    "Circuit Board Assembly",
    "Sensor Calibration",
    "Component Packaging",
    "Final Testing",
    "PCB Soldering",
    "Wire Harness Assembly",
    "Chip Programming",
    "Visual Inspection",
    "Documentation"
  ],
  "message": "Assignment optimization successful",
  "algorithm_steps": [
    {
      "step": 1,
      "title": "Original Cost Matrix",
      "description": "Initial completion times (in hours) for each worker-task pair",
      "matrix": [
        [
          4,
          6,
          7,
          5,
          8,
          6,
          7,
          8,
          5,
          9
        ],
        [
          6,
          5,
          8,
          7,
          6,
          5,
          6,
          7,
          8,
          7
        ],
        [
          8,
          7,
          6,
          9,
          7,
          8,
          7,
          9,
          7,
          8
        ],
        [
          3,
          4,
          6,
          4,
          5,
          4,
          5,
          5,
          3,
          6
        ],
        [
          5,
          6,
          7,
          6,
          7,
          7,
          6,
          8,
          6,
          5
        ],
        [
          4,
          5,
          6,
          5,
          6,
          4,
          5,
          6,
          4,
          7
        ],
        [
          7,
          6,
          7,
          8,
          7,
          6,
          5,
          7,
          8,
          6
        ],
        [
          6,
          7,
          8,
          7,
          8,
          7,
          8,
          6,
          7,
          8
        ],
        [
          3,
          4,
          5,
          4,
          5,
          3,
          4,
          5,
          3,
          6
        ],
        [
          7,
          8,
          9,
          6,
          8,
          7,
          6,
          8,
          9,
          7
        ]
      ],
      "worker_names": [
        "Alice",
        "Bob",
        "Carol",
        "David",
        "Emma",
        "Frank",
        "Grace",
        "Henry",
        "Iris",
        "Jack"
      ],
      "task_names": [
        "Microchip Inspection",
        "Circuit Board Assembly",
        "Sensor Calibration",
        "Component Packaging",
        "Final Testing",
        "PCB Soldering",
        "Wire Harness Assembly",
        "Chip Programming",
        "Visual Inspection",
        "Documentation"
      ],
      "note": "Our goal is to minimize the total completion time by optimally assigning workers to tasks"
    },
    {
      "step": 2,
      "title": "Row Reduction",
      "description": "Subtract the minimum value from each row",
      "matrix": [
        [
          0,
          2,
          3,
          1,
          4,
          2,
          3,
          4,
          1,
          5
        ],
        [
          1,
          0,
          3,
          2,
          1,
          0,
          1,
          2,
          3,
          2
        ],
        [
          2,
          1,
          0,
          3,
          1,
          2,
          1,
          3,
          1,
          2
        ],
        [
          0,
          1,
          3,
          1,
          2,
          1,
          2,
          2,
          0,
          3
        ],
        [
          0,
          1,
          2,
          1,
          2,
          2,
          1,
          3,
          1,
          0
        ],
        [
          0,
          1,
          2,
          1,
          2,
          0,
          1,
          2,
          0,
          3
        ],
        [
          2,
          1,
          2,
          3,
          2,
          1,
          0,
          2,
          3,
          1
        ],
        [
          0,
          1,
          2,
          1,
          2,
          1,
          2,
          0,
          1,
          2
        ],
        [
          0,
          1,
          2,
          1,
          2,
          0,
          1,
          2,
          0,
          3
        ],
        [
          1,
          2,
          3,
          0,
          2,
          1,
          0,
          2,
          3,
          1
        ]
      ],
      "worker_names": [
        "Alice",
        "Bob",
        "Carol",
        "David",
        "Emma",
        "Frank",
        "Grace",
        "Henry",
        "Iris",
        "Jack"
      ],
      "task_names": [
        "Microchip Inspection",
        "Circuit Board Assembly",
        "Sensor Calibration",
        "Component Packaging",
        "Final Testing",
        "PCB Soldering",
        "Wire Harness Assembly",
        "Chip Programming",
        "Visual Inspection",
        "Documentation"
      ],
      "row_mins": [
        4,
        5,
        6,
        3,
        5,
        4,
        5,
        6,
        3,
        6
      ],
      "note": "Each row now has at least one zero, representing the best task for each worker"
    },
    {
      "step": 3,
      "title": "Column Reduction",
      "description": "Subtract the minimum value from each column of the row-reduced matrix",
      "matrix": [
        [
          0,
          2,
          3,
          1,
          3,
          2,
          3,
          4,
          1,
          5
        ],
        [
          1,
          0,
          3,
          2,
          0,
          0,
          1,
          2,
          3,
          2
        ],
        [
          2,
          1,
          0,
          3,
          0,
          2,
          1,
          3,
          1,
          2
        ],
        [
          0,
          1,
          3,
          1,
          1,
          1,
          2,
          2,
          0,
          3
        ],
        [
          0,
          1,
          2,
          1,
          1,
          2,
          1,
          3,
          1,
          0
        ],
        [
          0,
          1,
          2,
          1,
          1,
          0,
          1,
          2,
          0,
          3
        ],
        [
          2,
          1,
          2,
          3,
          1,
          1,
          0,
          2,
          3,
          1
        ],
        [
          0,
          1,
          2,
          1,
          1,
          1,
          2,
          0,
          1,
          2
        ],
        [
          0,
          1,
          2,
          1,
          1,
          0,
          1,
          2,
          0,
          3
        ],
        [
          1,
          2,
          3,
          0,
          1,
          1,
          0,
          2,
          3,
          1
        ]
      ],
      "worker_names": [
        "Alice",
        "Bob",
        "Carol",
        "David",
        "Emma",
        "Frank",
        "Grace",
        "Henry",
        "Iris",
        "Jack"
      ],
      "task_names": [
        "Microchip Inspection",
        "Circuit Board Assembly",
        "Sensor Calibration",
        "Component Packaging",
        "Final Testing",
        "PCB Soldering",
        "Wire Harness Assembly",
        "Chip Programming",
        "Visual Inspection",
        "Documentation"
      ],
      "col_mins": [
        0,
        0,
        0,
        0,
        1,
        0,
        0,
        0,
        0,
        0
      ],
      "note": "This reduced matrix has zeros that represent potential optimal assignments"
    },
    {
      "step": 4,
      "title": "Identify Zero Positions",
      "description": "Locate all zero entries in the reduced matrix",
      "matrix": [
        [
          0,
          2,
          3,
          1,
          3,
          2,
          3,
          4,
          1,
          5
        ],
        [
          1,
          0,
          3,
          2,
          0,
          0,
          1,
          2,
          3,
          2
        ],
        [
          2,
          1,
          0,
          3,
          0,
          2,
          1,
          3,
          1,
          2
        ],
        [
          0,
          1,
          3,
          1,
          1,
          1,
          2,
          2,
          0,
          3
        ],
        [
          0,
          1,
          2,
          1,
          1,
          2,
          1,
          3,
          1,
          0
        ],
        [
          0,
          1,
          2,
          1,
          1,
          0,
          1,
          2,
          0,
          3
        ],
        [
          2,
          1,
          2,
          3,
          1,
          1,
          0,
          2,
          3,
          1
        ],
        [
          0,
          1,
          2,
          1,
          1,
          1,
          2,
          0,
          1,
          2
        ],
        [
          0,
          1,
          2,
          1,
          1,
          0,
          1,
          2,
          0,
          3
        ],
        [
          1,
          2,
          3,
          0,
          1,
          1,
          0,
          2,
          3,
          1
        ]
      ],
      "worker_names": [
        "Alice",
        "Bob",
        "Carol",
        "David",
        "Emma",
        "Frank",
        "Grace",
        "Henry",
        "Iris",
        "Jack"
      ],
      "task_names": [
        "Microchip Inspection",
        "Circuit Board Assembly",
        "Sensor Calibration",
        "Component Packaging",
        "Final Testing",
        "PCB Soldering",
        "Wire Harness Assembly",
        "Chip Programming",
        "Visual Inspection",
        "Documentation"
      ],
      "zero_positions": [
        [
          0,
          0
        ],
        [
          1,
          1
        ],
        [
          1,
          4
        ],
        [
          1,
          5
        ],
        [
          2,
          2
        ],
        [
          2,
          4
        ],
        [
          3,
          0
        ],
        [
          3,
          8
        ],
        [
          4,
          0
        ],
        [
          4,
          9
        ],
        [
          5,
          0
        ],
        [
          5,
          5
        ],
        [
          5,
          8
        ],
        [
          6,
          6
        ],
        [
          7,
          0
        ],
        [
          7,
          7
        ],
        [
          8,
          0
        ],
        [
          8,
          5
        ],
        [
          8,
          8
        ],
        [
          9,
          3
        ],
        [
          9,
          6
        ]
      ],
      "note": "Found 21 zero positions. The optimal assignment will use 10 of these."
    },
    {
      "step": 5,
      "title": "Optimal Assignment",
      "description": "Final optimal worker-task assignments (marked with \u2713)",
      "matrix": [
        [
          0,
          2,
          3,
          1,
          3,
          2,
          3,
          4,
          1,
          5
        ],
        [
          1,
          0,
          3,
          2,
          0,
          0,
          1,
          2,
          3,
          2
        ],
        [
          2,
          1,
          0,
          3,
          0,
          2,
          1,
          3,
          1,
          2
        ],
        [
          0,
          1,
          3,
          1,
          1,
          1,
          2,
          2,
          0,
          3
        ],
        [
          0,
          1,
          2,
          1,
          1,
          2,
          1,
          3,
          1,
          0
        ],
        [
          0,
          1,
          2,
          1,
          1,
          0,
          1,
          2,
          0,
          3
        ],
        [
          2,
          1,
          2,
          3,
          1,
          1,
          0,
          2,
          3,
          1
        ],
        [
          0,
          1,
          2,
          1,
          1,
          1,
          2,
          0,
          1,
          2
        ],
        [
          0,
          1,
          2,
          1,
          1,
          0,
          1,
          2,
          0,
          3
        ],
        [
          1,
          2,
          3,
          0,
          1,
          1,
          0,
          2,
          3,
          1
        ]
      ],
      "assignment_matrix": [
        [
          1,
          0,
          0,
          0,
          0,
          0,
          0,
          0,
          0,
          0
        ],
        [
          0,
          1,
          0,
          0,
          0,
          0,
          0,
          0,
          0,
          0
        ],
        [
          0,
          0,
          1,
          0,
          0,
          0,
          0,
          0,
          0,
          0
        ],
        [
          0,
          0,
          0,
          0,
          0,
          0,
          0,
          0,
          1,
          0
        ],
        [
          0,
          0,
          0,
          0,
          0,
          0,
          0,
          0,
          0,
          1
        ],
        [
          0,
          0,
          0,
          0,
          0,
          1,
          0,
          0,
          0,
          0
        ],
        [
          0,
          0,
          0,
          0,
          0,
          0,
          1,
          0,
          0,
          0
        ],
        [
          0,
          0,
          0,
          0,
          0,
          0,
          0,
          1,
          0,
          0
        ],
        [
          0,
          0,
          0,
          0,
          1,
          0,
          0,
          0,
          0,
          0
        ],
        [
          0,
          0,
          0,
          1,
          0,
          0,
          0,
          0,
          0,
          0
        ]
      ],
      "worker_names": [
        "Alice",
        "Bob",
        "Carol",
        "David",
        "Emma",
        "Frank",
        "Grace",
        "Henry",
        "Iris",
        "Jack"
      ],
      "task_names": [
        "Microchip Inspection",
        "Circuit Board Assembly",
        "Sensor Calibration",
        "Component Packaging",
        "Final Testing",
        "PCB Soldering",
        "Wire Harness Assembly",
        "Chip Programming",
        "Visual Inspection",
        "Documentation"
      ],
      "assignments": [
        [
          0,
          0
        ],
        [
          1,
          1
        ],
        [
          2,
          2
        ],
        [
          3,
          8
        ],
        [
          4,
          9
        ],
        [
          5,
          5
        ],
        [
          6,
          6
        ],
        [
          7,
          7
        ],
        [
          8,
          4
        ],
        [
          9,
          3
        ]
      ],
      "total_cost": 49.0,
      "note": "These assignments minimize the total completion time"
    }
  ],
  "comparisons": {
    "optimal": 49.0,
    "random_average": 62.01,
    "greedy": 50.0,
    "worst_case": 73.0,
    "improvement_vs_random": 20.980487018222867,
    "improvement_vs_greedy": 2.0
  }
}