{
  "products": [
    {
      "name": "Product_A",
      "profit": 50,
      "resources": {
        "Raw_Material": 2,
        "Labor_Hours": 3,
        "Machine_Time": 1,
        "Warehouse_Space": 2,
        "Power_Usage": 1.5,
        "Quality_Control": 2,
        "Packaging_Material": 1,
        "Cooling_Capacity": 1,
        "Assembly_Line": 2,
        "Testing_Equipment": 1
      }
    },
    {
      "name": "Product_B",
      "profit": 80,
      "resources": {
        "Raw_Material": 5,
        "Labor_Hours": 4,
        "Machine_Time": 2,
        "Warehouse_Space": 3,
        "Power_Usage": 2,
        "Quality_Control": 3,
        "Packaging_Material": 2,
        "Cooling_Capacity": 2,
        "Assembly_Line": 3,
        "Testing_Equipment": 2
      }
    },
    {
      "name": "Product_C",
      "profit": 60,
      "resources": {
        "Raw_Material": 3,
        "Labor_Hours": 2,
        "Machine_Time": 1.5,
        "Warehouse_Space": 2,
        "Power_Usage": 1,
        "Quality_Control": 2,
        "Packaging_Material": 1.5,
        "Cooling_Capacity": 1,
        "Assembly_Line": 2,
        "Testing_Equipment": 1.5
      }
    },
    {
      "name": "Product_D",
      "profit": 70,
      "resources": {
        "Raw_Material": 4,
        "Labor_Hours": 3.5,
        "Machine_Time": 2,
        "Warehouse_Space": 2.5,
        "Power_Usage": 1.8,
        "Quality_Control": 2.5,
        "Packaging_Material": 1.8,
        "Cooling_Capacity": 1.5,
        "Assembly_Line": 2.5,
        "Testing_Equipment": 2
      }
    },
    {
      "name": "Product_E",
      "profit": 55,
      "resources": {
        "Raw_Material": 2.5,
        "Labor_Hours": 2.5,
        "Machine_Time": 1.2,
        "Warehouse_Space": 1.8,
        "Power_Usage": 1.3,
        "Quality_Control": 1.8,
        "Packaging_Material": 1.2,
        "Cooling_Capacity": 1.2,
        "Assembly_Line": 1.8,
        "Testing_Equipment": 1.3
      }
    },
    {
      "name": "Product_F",
      "profit": 90,
      "resources": {
        "Raw_Material": 6,
        "Labor_Hours": 5,
        "Machine_Time": 3,
        "Warehouse_Space": 3.5,
        "Power_Usage": 2.5,
        "Quality_Control": 3.5,
        "Packaging_Material": 2.5,
        "Cooling_Capacity": 2.5,
        "Assembly_Line": 3.5,
        "Testing_Equipment": 3
      }
    },
    {
      "name": "Product_G",
      "profit": 65,
      "resources": {
        "Raw_Material": 3.5,
        "Labor_Hours": 3,
        "Machine_Time": 1.8,
        "Warehouse_Space": 2.2,
        "Power_Usage": 1.6,
        "Quality_Control": 2.3,
        "Packaging_Material": 1.6,
        "Cooling_Capacity": 1.4,
        "Assembly_Line": 2.2,
        "Testing_Equipment": 1.7
      }
    },
    {
      "name": "Product_H",
      "profit": 75,
      "resources": {
        "Raw_Material": 4.5,
        "Labor_Hours": 4,
        "Machine_Time": 2.5,
        "Warehouse_Space": 3,
        "Power_Usage": 2.2,
        "Quality_Control": 3,
        "Packaging_Material": 2.2,
        "Cooling_Capacity": 2,
        "Assembly_Line": 3,
        "Testing_Equipment": 2.5
      }
    },
    {
      "name": "Product_I",
      "profit": 58,
      "resources": {
        "Raw_Material": 2.8,
        "Labor_Hours": 2.3,
        "Machine_Time": 1.3,
        "Warehouse_Space": 1.9,
        "Power_Usage": 1.4,
        "Quality_Control": 2,
        "Packaging_Material": 1.3,
        "Cooling_Capacity": 1.3,
        "Assembly_Line": 1.9,
        "Testing_Equipment": 1.4
      }
    },
    {
      "name": "Product_J",
      "profit": 85,
      "resources": {
        "Raw_Material": 5.5,
        "Labor_Hours": 4.5,
        "Machine_Time": 2.8,
        "Warehouse_Space": 3.2,
        "Power_Usage": 2.3,
        "Quality_Control": 3.2,
        "Packaging_Material": 2.3,
        "Cooling_Capacity": 2.3,
        "Assembly_Line": 3.2,
        "Testing_Equipment": 2.7
      }
    }
  ],
  "resources": [
    {
      "name": "Raw_Material",
      "available": 5000,
      "unit": "kg"
    },
    {
      "name": "Labor_Hours",
      "available": 4000,
      "unit": "hours"
    },
    {
      "name": "Machine_Time",
      "available": 3000,
      "unit": "hours"
    },
    {
      "name": "Warehouse_Space",
      "available": 3500,
      "unit": "sq_ft"
    },
    {
      "name": "Power_Usage",
      "available": 2500,
      "unit": "kWh"
    },
    {
      "name": "Quality_Control",
      "available": 3200,
      "unit": "hours"
    },
    {
      "name": "Packaging_Material",
      "available": 2800,
      "unit": "units"
    },
    {
      "name": "Cooling_Capacity",
      "available": 2200,
      "unit": "BTU"
    },
    {
      "name": "Assembly_Line",
      "available": 3600,
      "unit": "hours"
    },
    {
      "name": "Testing_Equipment",
      "available": 2900,
      "unit": "hours"
    }
  ],
  "market_limits": {
    "Product_A": 300,
    "Product_B": 200,
    "Product_C": 350,
    "Product_D": 280,
    "Product_E": 320,
    "Product_F": 150,
    "Product_G": 290,
    "Product_H": 220,
    "Product_I": 340,
    "Product_J": 180
  }
}
