{
  "success": true,
  "optimal_production": {
    "Product_A": 0.0,
    "Product_B": 0.0,
    "Product_C": 350.0,
    "Product_D": 230.8,
    "Product_E": 320.0,
    "Product_F": 0.0,
    "Product_G": 290.0,
    "Product_H": 0.0,
    "Product_I": 340.0,
    "Product_J": 0.0
  },
  "max_profit": 93326.0,
  "resource_utilization": {
    "Raw_Material": {
      "used": 4740.2,
      "available": 5000,
      "percentage": 94.8
    },
    "Labor_Hours": {
      "used": 3959.8,
      "available": 4000,
      "percentage": 99.0
    },
    "Machine_Time": {
      "used": 2334.6,
      "available": 3000,
      "percentage": 77.82
    },
    "Warehouse_Space": {
      "used": 3137.0,
      "available": 3500,
      "percentage": 89.63
    },
    "Power_Usage": {
      "used": 2121.44,
      "available": 2500,
      "percentage": 84.86
    },
    "Quality_Control": {
      "used": 3200.0,
      "available": 3200,
      "percentage": 100.0
    },
    "Packaging_Material": {
      "used": 2230.44,
      "available": 2800,
      "percentage": 79.66
    },
    "Cooling_Capacity": {
      "used": 1928.2,
      "available": 2200,
      "percentage": 87.65
    },
    "Assembly_Line": {
      "used": 3137.0,
      "available": 3600,
      "percentage": 87.14
    },
    "Testing_Equipment": {
      "used": 2371.6,
      "available": 2900,
      "percentage": 81.78
    }
  },
  "market_utilization": {
    "Product_A": {
      "produced": 0.0,
      "max_demand": 300,
      "percentage": 0.0
    },
    "Product_B": {
      "produced": 0.0,
      "max_demand": 200,
      "percentage": 0.0
    },
    "Product_C": {
      "produced": 350.0,
      "max_demand": 350,
      "percentage": 100.0
    },
    "Product_D": {
      "produced": 230.8,
      "max_demand": 280,
      "percentage": 82.43
    },
    "Product_E": {
      "produced": 320.0,
      "max_demand": 320,
      "percentage": 100.0
    },
    "Product_F": {
      "produced": 0.0,
      "max_demand": 150,
      "percentage": 0.0
    },
    "Product_G": {
      "produced": 290.0,
      "max_demand": 290,
      "percentage": 100.0
    },
    "Product_H": {
      "produced": 0.0,
      "max_demand": 220,
      "percentage": 0.0
    },
    "Product_I": {
      "produced": 340.0,
      "max_demand": 340,
      "percentage": 100.0
    },
    "Product_J": {
      "produced": 0.0,
      "max_demand": 180,
      "percentage": 0.0
    }
  },
  "slack": {
    "Raw_Material": 259.8,
    "Labor_Hours": 40.2,
    "Machine_Time": 665.4,
    "Warehouse_Space": 363.0,
    "Power_Usage": 378.56,
    "Quality_Control": 0.0,
    "Packaging_Material": 569.56,
    "Cooling_Capacity": 271.8,
    "Assembly_Line": 463.0,
    "Testing_Equipment": 528.4
  },
  "message": "Optimization successful",
  "iterations": 2,
  "simplex_steps": [
    {
      "iteration": 0,
      "description": "Initial Setup: Convert to standard form by adding slack variables",
      "basis": [
        "s1",
        "s2",
        "s3",
        "s4",
        "s5",
        "s6",
        "s7",
        "s8",
        "s9",
        "s10",
        "s11",
        "s12",
        "s13",
        "s14",
        "s15",
        "s16",
        "s17",
        "s18",
        "s19",
        "s20"
      ],
      "basic_vars": [
        