{
  "success": true,
  "method": "Linear Programming",
  "total_cost": 40080.0,
  "shipments": [
    [
      0.0,
      0.0,
      0.0,
      0.0,
      0.0,
      0.0,
      500.0,
      0.0,
      0.0,
      0.0
    ],
    [
      0.0,
      0.0,
      0.0,
      0.0,
      600.0,
      0.0,
      0.0,
      0.0,
      0.0,
      0.0
    ],
    [
      0.0,
      20.0,
      530.0,
      0.0,
      0.0,
      0.0,
      0.0,
      0.0,
      0.0,
      0.0
    ],
    [
      500.0,
      150.0,
      0.0,
      0.0,
      0.0,
      0.0,
      0.0,
      0.0,
      0.0,
      0.0
    ],
    [
      0.0,
      0.0,
      0.0,
      0.0,
      0.0,
      0.0,
      0.0,
      0.0,
      480.0,
      0.0
    ],
    [
      0.0,
      0.0,
      0.0,
      600.0,
      0.0,
      0.0,
      0.0,
      0.0,
      0.0,
      20.0
    ],
    [
      0.0,
      0.0,
      0.0,
      0.0,
      0.0,
      0.0,
      50.0,
      480.0,
      0.0,
      0.0
    ],
    [
      0.0,
      0.0,
      0.0,
      0.0,
      0.0,
      540.0,
      30.0,
      0.0,
      0.0,
      0.0
    ],
    [
      0.0,
      400.0,
      0.0,
      0.0,
      50.0,
      0.0,
      0.0,
      0.0,
      80.0,
      60.0
    ],
    [
      0.0,
      0.0,
      0.0,
      0.0,
      0.0,
      0.0,
      0.0,
      40.0,
      0.0,
      470.0
    ]
  ],
  "shipment_details": [
    {
      "factory_id": 0,
      "factory_name": "Factory_California",
      "warehouse_id": 6,
      "warehouse_name": "Warehouse_San_Diego",
      "quantity": 500.0,
      "unit_cost": 5.0,
      "total_cost": 2500.0
    },
    {
      "factory_id": 1,
      "factory_name": "Factory_Texas",
      "warehouse_id": 4,
      "warehouse_name": "Warehouse_Dallas",
      "quantity": 600.0,
      "unit_cost": 6.0,
      "total_cost": 3600.0
    },
    {
      "factory_id": 2,
      "factory_name": "Factory_Ohio",
      "warehouse_id": 1,
      "warehouse_name": "Warehouse_Philadelphia",
      "quantity": 20.0,
      "unit_cost": 9.0,
      "total_cost": 180.0
    },
    {
      "factory_id": 2,
      "factory_name": "Factory_Ohio",
      "warehouse_id": 2,
      "warehouse_name": "Warehouse_Detroit",
      "quantity": 530.0,
      "unit_cost": 7.0,
      "total_cost": 3710.0
    },
    {
      "factory_id": 3,
      "factory_name": "Factory_New_York",
      "warehouse_id": 0,
      "warehouse_name": "Warehouse_Boston",
      "quantity": 500.0,
      "unit_cost": 6.0,
      "total_cost": 3000.0
    },
    {
      "factory_id": 3,
      "factory_name": "Factory_New_York",
      "warehouse_id": 1,
      "warehouse_name": "Warehouse_Philadelphia",
      "quantity": 150.0,
      "unit_cost": 8.0,
      "total_cost": 1200.0
    },
    {
      "factory_id": 4,
      "factory_name": "Factory_Florida",
      "warehouse_id": 8,
      "warehouse_name": "Warehouse_Nashville",
      "quantity": 480.0,
      "unit_cost": 8.0,
      "total_cost": 3840.0
    },
    {
      "factory_id": 5,
      "factory_name": "Factory_Illinois",
      "warehouse_id": 3,
      "warehouse_name": "Warehouse_Minneapolis",
      "quantity": 600.0,
      "unit_cost": 9.0,
      "total_cost": 5400.0
    },
    {
      "factory_id": 5,
      "factory_name": "Factory_Illinois",
      "warehouse_id": 9,
      "warehouse_name": "Warehouse_Kansas_City",
      "quantity": 20.0,
      "unit_cost": 8.0,
      "total_cost": 160.0
    },
    {
      "factory_id": 6,
      "factory_name": "Factory_Arizona",
      "warehouse_id": 6,
      "warehouse_name": "Warehouse_San_Diego",
      "quantity": 50.0,
      "unit_cost": 7.0,
      "total_cost": 350.0
    },
    {
      "factory_id": 6,
      "factory_name": "Factory_Arizona",
      "warehouse_id": 7,
      "warehouse_name": "Warehouse_Las_Vegas",
      "quantity": 480.0,
      "unit_cost": 6.0,
      "total_cost": 2880.0
    },
    {
      "factory_id": 7,
      "factory_name": "Factory_Washington",
      "warehouse_id": 5,
      "warehouse_name": "Warehouse_Portland",
      "quantity": 540.0,
      "unit_cost": 5.0,
      "total_cost": 2700.0
    },
    {
      "factory_id": 7,
      "factory_name": "Factory_Washington",
      "warehouse_id": 6,
      "warehouse_name": "Warehouse_San_Diego",
      "quantity": 30.0,
      "unit_cost": 10.0,
      "total_cost": 300.0
    },
    {
      "factory_id": 8,
      "factory_name": "Factory_Georgia",
      "warehouse_id": 1,
      "warehouse_name": "Warehouse_Philadelphia",
      "quantity": 400.0,
      "unit_cost": 12.0,
      "total_cost": 4800.0
    },
    {
      "factory_id": 8,
      "factory_name": "Factory_Georgia",
      "warehouse_id": 4,
      "warehouse_name": "Warehouse_Dallas",
      "quantity": 50.0,
      "unit_cost": 11.0,
      "total_cost": 550.0
    },
    {
      "factory_id": 8,
      "factory_name": "Factory_Georgia",
      "warehouse_id": 8,
      "warehouse_name": "Warehouse_Nashville",
      "quantity": 80.0,
      "unit_cost": 6.0,
      "total_cost": 480.0
    },
    {
      "factory_id": 8,
      "factory_name": "Factory_Georgia",
      "warehouse_id": 9,
      "warehouse_name": "Warehouse_Kansas_City",
      "quantity": 60.0,
      "unit_cost": 13.0,
      "total_cost": 780.0
    },
    {
      "factory_id": 9,
      "factory_name": "Factory_Colorado",
      "warehouse_id": 7,
      "warehouse_name": "Warehouse_Las_Vegas",
      "quantity": 40.0,
      "unit_cost": 9.0,
      "total_cost": 360.0
    },
    {
      "factory_id": 9,
      "factory_name": "Factory_Colorado",
      "warehouse_id": 9,
      "warehouse_name": "Warehouse_Kansas_City",
      "quantity": 470.0,
      "unit_cost": 7.0,
      "total_cost": 3290.0
    }
  ],
  "factory_utilization": [
    {
      "factory": "Factory_California",
      "shipped": 500.0,
      "capacity": 500.0,
      "utilization": 100.0
    },
    {
      "factory": "Factory_Texas",
      "shipped": 600.0,
      "capacity": 600.0,
      "utilization": 100.0
    },
    {
      "factory": "Factory_Ohio",
      "shipped": 550.0,
      "capacity": 550.0,
      "utilization": 100.0
    },
    {
      "factory": "Factory_New_York",
      "shipped": 650.0,
      "capacity": 650.0,
      "utilization": 100.0
    },
    {
      "factory": "Factory_Florida",
      "shipped": 480.0,
      "capacity": 480.0,
      "utilization": 100.0
    },
    {
      "factory": "Factory_Illinois",
      "shipped": 620.0,
      "capacity": 620.0,
      "utilization": 100.0
    },
    {
      "factory": "Factory_Arizona",
      "shipped": 530.0,
      "capacity": 530.0,
      "utilization": 100.0
    },
    {
      "factory": "Factory_Washington",
      "shipped": 570.0,
      "capacity": 570.0,
      "utilization": 100.0
    },
    {
      "factory": "Factory_Georgia",
      "shipped": 590.0,
      "capacity": 590.0,
      "utilization": 100.0
    },
    {
      "factory": "Factory_Colorado",
      "shipped": 510.0,
      "capacity": 510.0,
      "utilization": 100.0
    }
  ],
  "warehouse_received": [
    {
      "warehouse": "Warehouse_Boston",
      "received": 500.0,
      "demand": 500.0,
      "fulfillment": 100.0
    },
    {
      "warehouse": "Warehouse_Philadelphia",
      "received": 570.0,
      "demand": 570.0,
      "fulfillment": 100.0
    },
    {
      "warehouse": "Warehouse_Detroit",
      "received": 530.0,
      "demand": 530.0,
      "fulfillment": 100.0
    },
    {
      "warehouse": "Warehouse_Minneapolis",
      "received": 600.0,
      "demand": 600.0,
      "fulfillment": 100.0
    },
    {
      "warehouse": "Warehouse_Dallas",
      "received": 650.0,
      "demand": 650.0,
      "fulfillment": 100.0
    },
    {
      "warehouse": "Warehouse_Portland",
      "received": 540.0,
      "demand": 540.0,
      "fulfillment": 100.0
    },
    {
      "warehouse": "Warehouse_San_Diego",
      "received": 580.0,
      "demand": 580.0,
      "fulfillment": 100.0
    },
    {
      "warehouse": "Warehouse_Las_Vegas",
      "received": 520.0,
      "demand": 520.0,
      "fulfillment": 100.0
    },
    {
      "warehouse": "Warehouse_Nashville",
      "received": 560.0,
      "demand": 560.0,
      "fulfillment": 100.0
    },
    {
      "warehouse": "Warehouse_Kansas_City",
      "received": 550.0,
      "demand": 550.0,
      "fulfillment": 100.0
    }
  ],
  "cost_matrix": [
    [
      15,
      14,
      18,
      20,
      22,
      8,
      5,
      10,
      19,
      16
    ],
    [
      18,
      17,
      16,
      19,
      6,
      21,
      14,
      18,
      12,
      15
    ],
    [
      10,
      9,
      7,
      12,
      16,
      19,
      17,
      15,
      11,
      13
    ],
    [
      6,
      8,
      10,
      14,
      17,
      20,
      18,
      16,
      12,
      14
    ],
    [
      16,
      15,
      18,
      21,
      14,
      24,
      20,
      19,
      8,
      17
    ],
    [
      14,
      13,
      7,
      9,
      15,
      18,
      16,
      13,
      10,
      8
    ],
    [
      19,
      18,
      20,
      22,
      16,
      12,
      7,
      6,
      17,
      14
    ],
    [
      22,
      21,
      19,
      17,
      20,
      5,
      10,
      12,
      19,
      15
    ],
    [
      13,
      12,
      14,
      17,
      11,
      22,
      19,
      18,
      6,
      13
    ],
    [
      17,
      16,
      15,
      11,
      14,
      13,
      12,
      9,
      15,
      7
    ]
  ],
  "factory_names": [
    "Factory_California",
    "Factory_Texas",
    "Factory_Ohio",
    "Factory_New_York",
    "Factory_Florida",
    "Factory_Illinois",
    "Factory_Arizona",
    "Factory_Washington",
    "Factory_Georgia",
    "Factory_Colorado"
  ],
  "warehouse_names": [
    "Warehouse_Boston",
    "Warehouse_Philadelphia",
    "Warehouse_Detroit",
    "Warehouse_Minneapolis",
    "Warehouse_Dallas",
    "Warehouse_Portland",
    "Warehouse_San_Diego",
    "Warehouse_Las_Vegas",
    "Warehouse_Nashville",
    "Warehouse_Kansas_City"
  ],
  "total_supply": 5600.0,
  "total_demand": 5600.0,
  "message": "Transportation optimization successful",
  "vam_cost": 40310.0,
  "vam_optimality_gap": 0.5738522954091816
}