{
  "factories": [
    {"id": 0, "name": "Factory_California", "location": "Los Angeles, CA", "supply": 500, "coordinates": {"latitude": 34.0522, "longitude": -118.2437}},
    {"id": 1, "name": "Factory_Texas", "location": "Houston, TX", "supply": 600, "coordinates": {"latitude": 29.7604, "longitude": -95.3698}},
    {"id": 2, "name": "Factory_Ohio", "location": "Cleveland, OH", "supply": 550, "coordinates": {"latitude": 41.4993, "longitude": -81.6944}},
    {"id": 3, "name": "Factory_New_York", "location": "Buffalo, NY", "supply": 650, "coordinates": {"latitude": 42.8864, "longitude": -78.8784}},
    {"id": 4, "name": "Factory_Florida", "location": "Miami, FL", "supply": 480, "coordinates": {"latitude": 25.7617, "longitude": -80.1918}},
    {"id": 5, "name": "Factory_Illinois", "location": "Chicago, IL", "supply": 620, "coordinates": {"latitude": 41.8781, "longitude": -87.6298}},
    {"id": 6, "name": "Factory_Arizona", "location": "Phoenix, AZ", "supply": 530, "coordinates": {"latitude": 33.4484, "longitude": -112.0740}},
    {"id": 7, "name": "Factory_Washington", "location": "Seattle, WA", "supply": 570, "coordinates": {"latitude": 47.6062, "longitude": -122.3321}},
    {"id": 8, "name": "Factory_Georgia", "location": "Atlanta, GA", "supply": 590, "coordinates": {"latitude": 33.7490, "longitude": -84.3880}},
    {"id": 9, "name": "Factory_Colorado", "location": "Denver, CO", "supply": 510, "coordinates": {"latitude": 39.7392, "longitude": -104.9903}}
  ],
  "warehouses": [
    {"id": 0, "name": "Warehouse_Boston", "location": "Boston, MA", "demand": 500, "coordinates": {"latitude": 42.3601, "longitude": -71.0589}},
    {"id": 1, "name": "Warehouse_Philadelphia", "location": "Philadelphia, PA", "demand": 570, "coordinates": {"latitude": 39.9526, "longitude": -75.1652}},
    {"id": 2, "name": "Warehouse_Detroit", "location": "Detroit, MI", "demand": 530, "coordinates": {"latitude": 42.3314, "longitude": -83.0458}},
    {"id": 3, "name": "Warehouse_Minneapolis", "location": "Minneapolis, MN", "demand": 600, "coordinates": {"latitude": 44.9778, "longitude": -93.2650}},
    {"id": 4, "name": "Warehouse_Dallas", "location": "Dallas, TX", "demand": 650, "coordinates": {"latitude": 32.7767, "longitude": -96.7970}},
    {"id": 5, "name": "Warehouse_Portland", "location": "Portland, OR", "demand": 540, "coordinates": {"latitude": 45.5152, "longitude": -122.6784}},
    {"id": 6, "name": "Warehouse_San_Diego", "location": "San Diego, CA", "demand": 580, "coordinates": {"latitude": 32.7157, "longitude": -117.1611}},
    {"id": 7, "name": "Warehouse_Las_Vegas", "location": "Las Vegas, NV", "demand": 520, "coordinates": {"latitude": 36.1699, "longitude": -115.1398}},
    {"id": 8, "name": "Warehouse_Nashville", "location": "Nashville, TN", "demand": 560, "coordinates": {"latitude": 36.1627, "longitude": -86.7816}},
    {"id": 9, "name": "Warehouse_Kansas_City", "location": "Kansas City, MO", "demand": 550, "coordinates": {"latitude": 39.0997, "longitude": -94.5786}}
  ],
  "cost_matrix": [
    [15, 14, 18, 20, 22, 8, 5, 10, 19, 16],
    [18, 17, 16, 19, 6, 21, 14, 18, 12, 15],
    [10, 9, 7, 12, 16, 19, 17, 15, 11, 13],
    [6, 8, 10, 14, 17, 20, 18, 16, 12, 14],
    [16, 15, 18, 21, 14, 24, 20, 19, 8, 17],
    [14, 13, 7, 9, 15, 18, 16, 13, 10, 8],
    [19, 18, 20, 22, 16, 12, 7, 6, 17, 14],
    [22, 21, 19, 17, 20, 5, 10, 12, 19, 15],
    [13, 12, 14, 17, 11, 22, 19, 18, 6, 13],
    [17, 16, 15, 11, 14, 13, 12, 9, 15, 7]
  ]
}
